Kircho,Kirev,"Sofiq, Dyrvenica, ul. Yna"
Kircho,Kirev,"Sofiq, Dyrvenica, ul. Yna"
Kircho,Kirev,"Sofiq, Dyrvenica, ul. Yna"    Kircho,Kirev,"Sofiq, Dyrvenica, ul. Yna"
Kircho,Kirev,"Sofiq, Dyrvenica, ul. Yna"      Kircho,Kirev,"Sofiq, Dyrvenica, ul. Yna"
Kircho,Kirev,"Sofiq, Dyrvenica, ul. Yna"     Kircho,Kirev,"Sofiq, Dyrvenica, ul. Yna"
Kircho,Kirev,"Sofiq, Dyrvenica, ul. Yna"Kircho,Kirev,"Sofiq, Dyrvenica, ul. Yna"
Kircho,Kirev,"Sofiq, Dyrvenica, ul. Yna"
Kircho,Kirev,"Sofiq, Dyrvenica, ul. Yna"
Kircho,Kirev,"Sofiq, Dyrvenica, ul. Yna"
Kircho,Kirev,"Sofiq, Dyrvenica, ul. Yna"    Kircho,Kirev,"Sofiq, Dyrvenica, ul. Yna"
Kircho,Kirev,"Sofiq, Dyrvenica, ul. Yna"      Kircho,Kirev,"Sofiq, Dyrvenica, ul. Yna"
Kircho,Kirev,"Sofiq, Dyrvenica, ul. Yna"     Kircho,Kirev,"Sofiq, Dyrvenica, ul. Yna"
Kircho,Kirev,"Sofiq, Dyrvenica, ul. Yna"Kircho,Kirev,"Sofiq, Dyrvenica, ul. Yna"
Kircho,Kirev,"Sofiq, Dyrvenica, ul. Yna"
